subsector,primary
cement,limestone
dac,dac
refined liquids,refining
biomass (conv CCS),biomass
biomass (IGCC CCS),biomass
coal (conv pul CCS),coal
coal (IGCC CCS),coal
gas (CC CCS),gas processing
refined liquids (CC CCS),refining
biomass,biomass
coal,coal
gas,gas processing
gasCCS,gas processing
biomass liquids,biomass
coal to liquids,coal
BLASTFUR,iron and steel
EAF with DRI,iron and steel
EAF with scrap,iron and steel
crude oil,crude oil
natural gas,natural gas
biochar,biochar
rock weathering,rock weathering
direct ocean capture,dac
gas CCS,dac
