supplysector,subsector,technology,variable,unit,1975,1990,2005,2010,2015,2021,2025,2030,2035,2040,2045,2050,2055,2060,2065,2070,2075,2080,2085,2090,2095,2100
trn_aviation_intl_pass,International Aviation,Liquids,annual travel per vehicle,vkt/veh/yr,1785000,1785000,1785000,1785000,1785000,1785000,1785000,1785000,1785000,1785000,1785000,1785000,1785000,1785000,1785000,1785000,1785000,1785000,1785000,1785000,1785000,1785000
trn_aviation_intl_pass,International Aviation,BEV,annual travel per vehicle,vkt/veh/yr,1785000,1785000,1785000,1785000,1785000,1785000,1785000,1785000,1785000,1785000,1785000,1785000,1785000,1785000,1785000,1785000,1785000,1785000,1785000,1785000,1785000,1785000
trn_aviation_intl_pass,International Aviation,Hydrogen,annual travel per vehicle,vkt/veh/yr,1785000,1785000,1785000,1785000,1785000,1785000,1785000,1785000,1785000,1785000,1785000,1785000,1785000,1785000,1785000,1785000,1785000,1785000,1785000,1785000,1785000,1785000
trn_ship_intl_pass,International Ship,Liquids,annual travel per vehicle,vkt/veh/yr,288073,288073,288073,288073,288073,288073,288073,288073,288073,288073,288073,288073,288073,288073,288073,288073,288073,288073,288073,288073,288073,288073
trn_ship_intl_pass,International Ship,BEV,annual travel per vehicle,vkt/veh/yr,288073,288073,288073,288073,288073,288073,288073,288073,288073,288073,288073,288073,288073,288073,288073,288073,288073,288073,288073,288073,288073,288073
trn_ship_intl_pass,International Ship,FCEV,annual travel per vehicle,vkt/veh/yr,288073,288073,288073,288073,288073,288073,288073,288073,288073,288073,288073,288073,288073,288073,288073,288073,288073,288073,288073,288073,288073,288073
trn_ship_intl_pass,International Ship,Hybrid Liquids,annual travel per vehicle,vkt/veh/yr,288073,288073,288073,288073,288073,288073,288073,288073,288073,288073,288073,288073,288073,288073,288073,288073,288073,288073,288073,288073,288073,288073
trn_dom_ship_pass,Domestic Ship,BEV,annual travel per vehicle,vkt/veh/yr,216054,216054,216054,216054,216054,216054,216054,216054,216054,216054,216054,216054,216054,216054,216054,216054,216054,216054,216054,216054,216054,216054
trn_dom_ship_pass,Domestic Ship,FCEV,annual travel per vehicle,vkt/veh/yr,216054,216054,216054,216054,216054,216054,216054,216054,216054,216054,216054,216054,216054,216054,216054,216054,216054,216054,216054,216054,216054,216054
trn_dom_ship_pass,Domestic Ship,Hybrid Liquids,annual travel per vehicle,vkt/veh/yr,216054,216054,216054,216054,216054,216054,216054,216054,216054,216054,216054,216054,216054,216054,216054,216054,216054,216054,216054,216054,216054,216054
trn_dom_ship_pass,Domestic Ship,Liquids,annual travel per vehicle,vkt/veh/yr,216054,216054,216054,216054,216054,216054,216054,216054,216054,216054,216054,216054,216054,216054,216054,216054,216054,216054,216054,216054,216054,216054
trn_fret_rail_pass,Freight Rail,BEV,annual travel per vehicle,vkt/veh/yr,61900,61900,61900,61900,61900,61900,61900,61900,61900,61900,61900,61900,61900,61900,61900,61900,61900,61900,61900,61900,61900,61900
trn_fret_rail_pass,Freight Rail,Coal,annual travel per vehicle,vkt/veh/yr,61900,61900,61900,61900,61900,61900,61900,61900,61900,61900,61900,61900,61900,61900,61900,61900,61900,61900,61900,61900,61900,61900
trn_fret_rail_pass,Freight Rail,Electric,annual travel per vehicle,vkt/veh/yr,61900,61900,61900,61900,61900,61900,61900,61900,61900,61900,61900,61900,61900,61900,61900,61900,61900,61900,61900,61900,61900,61900
trn_fret_rail_pass,Freight Rail,FCEV,annual travel per vehicle,vkt/veh/yr,61900,61900,61900,61900,61900,61900,61900,61900,61900,61900,61900,61900,61900,61900,61900,61900,61900,61900,61900,61900,61900,61900
trn_fret_rail_pass,Freight Rail,Hybrid Liquids,annual travel per vehicle,vkt/veh/yr,61900,61900,61900,61900,61900,61900,61900,61900,61900,61900,61900,61900,61900,61900,61900,61900,61900,61900,61900,61900,61900,61900
trn_fret_rail_pass,Freight Rail,Liquids,annual travel per vehicle,vkt/veh/yr,61900,61900,61900,61900,61900,61900,61900,61900,61900,61900,61900,61900,61900,61900,61900,61900,61900,61900,61900,61900,61900,61900
trn_fret_road_pass,Heavy truck,Liquids,annual travel per vehicle,vkt/veh/yr,60000,60000,60000,60000,60000,60000,60000,60000,60000,60000,60000,60000,60000,60000,60000,60000,60000,60000,60000,60000,60000,60000
trn_fret_road_pass,Heavy truck,NG,annual travel per vehicle,vkt/veh/yr,60000,60000,60000,60000,60000,60000,60000,60000,60000,60000,60000,60000,60000,60000,60000,60000,60000,60000,60000,60000,60000,60000
trn_fret_road_pass,Heavy truck,FCEV,annual travel per vehicle,vkt/veh/yr,60000,60000,60000,60000,60000,60000,60000,60000,60000,60000,60000,60000,60000,60000,60000,60000,60000,60000,60000,60000,60000,60000
trn_fret_road_pass,Heavy truck,Hybrid Liquids,annual travel per vehicle,vkt/veh/yr,60000,60000,60000,60000,60000,60000,60000,60000,60000,60000,60000,60000,60000,60000,60000,60000,60000,60000,60000,60000,60000,60000
trn_fret_road_ht_bev_pass,fret_road_ht_bev,h_truck_bev (NMC111),annual travel per vehicle,vkt/veh/yr,60000,60000,60000,60000,60000,60000,60000,60000,60000,60000,60000,60000,60000,60000,60000,60000,60000,60000,60000,60000,60000,60000
trn_fret_road_ht_bev_pass,fret_road_ht_bev,h_truck_bev (NMC622),annual travel per vehicle,vkt/veh/yr,60000,60000,60000,60000,60000,60000,60000,60000,60000,60000,60000,60000,60000,60000,60000,60000,60000,60000,60000,60000,60000,60000
trn_fret_road_ht_bev_pass,fret_road_ht_bev,h_truck_bev (NMC811),annual travel per vehicle,vkt/veh/yr,60000,60000,60000,60000,60000,60000,60000,60000,60000,60000,60000,60000,60000,60000,60000,60000,60000,60000,60000,60000,60000,60000
trn_fret_road_ht_bev_pass,fret_road_ht_bev,h_truck_bev (NCA),annual travel per vehicle,vkt/veh/yr,60000,60000,60000,60000,60000,60000,60000,60000,60000,60000,60000,60000,60000,60000,60000,60000,60000,60000,60000,60000,60000,60000
trn_fret_road_ht_bev_pass,fret_road_ht_bev,h_truck_bev (LFP),annual travel per vehicle,vkt/veh/yr,60000,60000,60000,60000,60000,60000,60000,60000,60000,60000,60000,60000,60000,60000,60000,60000,60000,60000,60000,60000,60000,60000
trn_fret_road_ht_bev_pass,fret_road_ht_bev,h_truck_bev (Na_ion),annual travel per vehicle,vkt/veh/yr,60000,60000,60000,60000,60000,60000,60000,60000,60000,60000,60000,60000,60000,60000,60000,60000,60000,60000,60000,60000,60000,60000
trn_fret_road_ht_bev_pass,fret_road_ht_bev,h_truck_bev (LFP_si),annual travel per vehicle,vkt/veh/yr,60000,60000,60000,60000,60000,60000,60000,60000,60000,60000,60000,60000,60000,60000,60000,60000,60000,60000,60000,60000,60000,60000
trn_fret_road_ht_bev_pass,fret_road_ht_bev,h_truck_bev (NMC811_si),annual travel per vehicle,vkt/veh/yr,60000,60000,60000,60000,60000,60000,60000,60000,60000,60000,60000,60000,60000,60000,60000,60000,60000,60000,60000,60000,60000,60000
trn_fret_road_ht_bev_pass,fret_road_ht_bev,h_truck_bev (LFP_ssb),annual travel per vehicle,vkt/veh/yr,60000,60000,60000,60000,60000,60000,60000,60000,60000,60000,60000,60000,60000,60000,60000,60000,60000,60000,60000,60000,60000,60000
trn_fret_road_ht_bev_pass,fret_road_ht_bev,h_truck_bev (NMC811_ssb),annual travel per vehicle,vkt/veh/yr,60000,60000,60000,60000,60000,60000,60000,60000,60000,60000,60000,60000,60000,60000,60000,60000,60000,60000,60000,60000,60000,60000
trn_fret_road_pass,Medium truck,Liquids,annual travel per vehicle,vkt/veh/yr,45000,45000,45000,45000,45000,45000,45000,45000,45000,45000,45000,45000,45000,45000,45000,45000,45000,45000,45000,45000,45000,45000
trn_fret_road_pass,Medium truck,NG,annual travel per vehicle,vkt/veh/yr,45000,45000,45000,45000,45000,45000,45000,45000,45000,45000,45000,45000,45000,45000,45000,45000,45000,45000,45000,45000,45000,45000
trn_fret_road_pass,Medium truck,FCEV,annual travel per vehicle,vkt/veh/yr,45000,45000,45000,45000,45000,45000,45000,45000,45000,45000,45000,45000,45000,45000,45000,45000,45000,45000,45000,45000,45000,45000
trn_fret_road_pass,Medium truck,Hybrid Liquids,annual travel per vehicle,vkt/veh/yr,45000,45000,45000,45000,45000,45000,45000,45000,45000,45000,45000,45000,45000,45000,45000,45000,45000,45000,45000,45000,45000,45000
trn_fret_road_mt_bev_pass,fret_road_mt_bev,m_truck_bev (NMC111),annual travel per vehicle,vkt/veh/yr,45000,45000,45000,45000,45000,45000,45000,45000,45000,45000,45000,45000,45000,45000,45000,45000,45000,45000,45000,45000,45000,45000
trn_fret_road_mt_bev_pass,fret_road_mt_bev,m_truck_bev (NMC622),annual travel per vehicle,vkt/veh/yr,45000,45000,45000,45000,45000,45000,45000,45000,45000,45000,45000,45000,45000,45000,45000,45000,45000,45000,45000,45000,45000,45000
trn_fret_road_mt_bev_pass,fret_road_mt_bev,m_truck_bev (NMC811),annual travel per vehicle,vkt/veh/yr,45000,45000,45000,45000,45000,45000,45000,45000,45000,45000,45000,45000,45000,45000,45000,45000,45000,45000,45000,45000,45000,45000
trn_fret_road_mt_bev_pass,fret_road_mt_bev,m_truck_bev (NCA),annual travel per vehicle,vkt/veh/yr,45000,45000,45000,45000,45000,45000,45000,45000,45000,45000,45000,45000,45000,45000,45000,45000,45000,45000,45000,45000,45000,45000
trn_fret_road_mt_bev_pass,fret_road_mt_bev,m_truck_bev (LFP),annual travel per vehicle,vkt/veh/yr,45000,45000,45000,45000,45000,45000,45000,45000,45000,45000,45000,45000,45000,45000,45000,45000,45000,45000,45000,45000,45000,45000
trn_fret_road_mt_bev_pass,fret_road_mt_bev,m_truck_bev (Na_ion),annual travel per vehicle,vkt/veh/yr,45000,45000,45000,45000,45000,45000,45000,45000,45000,45000,45000,45000,45000,45000,45000,45000,45000,45000,45000,45000,45000,45000
trn_fret_road_mt_bev_pass,fret_road_mt_bev,m_truck_bev (LFP_si),annual travel per vehicle,vkt/veh/yr,45000,45000,45000,45000,45000,45000,45000,45000,45000,45000,45000,45000,45000,45000,45000,45000,45000,45000,45000,45000,45000,45000
trn_fret_road_mt_bev_pass,fret_road_mt_bev,m_truck_bev (NMC811_si),annual travel per vehicle,vkt/veh/yr,45000,45000,45000,45000,45000,45000,45000,45000,45000,45000,45000,45000,45000,45000,45000,45000,45000,45000,45000,45000,45000,45000
trn_fret_road_mt_bev_pass,fret_road_mt_bev,m_truck_bev (LFP_ssb),annual travel per vehicle,vkt/veh/yr,45000,45000,45000,45000,45000,45000,45000,45000,45000,45000,45000,45000,45000,45000,45000,45000,45000,45000,45000,45000,45000,45000
trn_fret_road_mt_bev_pass,fret_road_mt_bev,m_truck_bev (NMC811_ssb),annual travel per vehicle,vkt/veh/yr,45000,45000,45000,45000,45000,45000,45000,45000,45000,45000,45000,45000,45000,45000,45000,45000,45000,45000,45000,45000,45000,45000
trn_fret_road_pass,Light truck,Liquids,annual travel per vehicle,vkt/veh/yr,25000,25000,25000,25000,25000,25000,25000,25000,25000,25000,25000,25000,25000,25000,25000,25000,25000,25000,25000,25000,25000,25000
trn_fret_road_pass,Light truck,NG,annual travel per vehicle,vkt/veh/yr,25000,25000,25000,25000,25000,25000,25000,25000,25000,25000,25000,25000,25000,25000,25000,25000,25000,25000,25000,25000,25000,25000
trn_fret_road_pass,Light truck,FCEV,annual travel per vehicle,vkt/veh/yr,25000,25000,25000,25000,25000,25000,25000,25000,25000,25000,25000,25000,25000,25000,25000,25000,25000,25000,25000,25000,25000,25000
trn_fret_road_pass,Light truck,Hybrid Liquids,annual travel per vehicle,vkt/veh/yr,25000,25000,25000,25000,25000,25000,25000,25000,25000,25000,25000,25000,25000,25000,25000,25000,25000,25000,25000,25000,25000,25000
trn_fret_road_lt_bev_pass,fret_road_lt_bev,l_truck_bev (NMC111),annual travel per vehicle,vkt/veh/yr,25000,25000,25000,25000,25000,25000,25000,25000,25000,25000,25000,25000,25000,25000,25000,25000,25000,25000,25000,25000,25000,25000
trn_fret_road_lt_bev_pass,fret_road_lt_bev,l_truck_bev (NMC622),annual travel per vehicle,vkt/veh/yr,25000,25000,25000,25000,25000,25000,25000,25000,25000,25000,25000,25000,25000,25000,25000,25000,25000,25000,25000,25000,25000,25000
trn_fret_road_lt_bev_pass,fret_road_lt_bev,l_truck_bev (NMC811),annual travel per vehicle,vkt/veh/yr,25000,25000,25000,25000,25000,25000,25000,25000,25000,25000,25000,25000,25000,25000,25000,25000,25000,25000,25000,25000,25000,25000
trn_fret_road_lt_bev_pass,fret_road_lt_bev,l_truck_bev (NCA),annual travel per vehicle,vkt/veh/yr,25000,25000,25000,25000,25000,25000,25000,25000,25000,25000,25000,25000,25000,25000,25000,25000,25000,25000,25000,25000,25000,25000
trn_fret_road_lt_bev_pass,fret_road_lt_bev,l_truck_bev (LFP),annual travel per vehicle,vkt/veh/yr,25000,25000,25000,25000,25000,25000,25000,25000,25000,25000,25000,25000,25000,25000,25000,25000,25000,25000,25000,25000,25000,25000
trn_fret_road_lt_bev_pass,fret_road_lt_bev,l_truck_bev (Na_ion),annual travel per vehicle,vkt/veh/yr,25000,25000,25000,25000,25000,25000,25000,25000,25000,25000,25000,25000,25000,25000,25000,25000,25000,25000,25000,25000,25000,25000
trn_fret_road_lt_bev_pass,fret_road_lt_bev,l_truck_bev (LFP_si),annual travel per vehicle,vkt/veh/yr,25000,25000,25000,25000,25000,25000,25000,25000,25000,25000,25000,25000,25000,25000,25000,25000,25000,25000,25000,25000,25000,25000
trn_fret_road_lt_bev_pass,fret_road_lt_bev,l_truck_bev (NMC811_si),annual travel per vehicle,vkt/veh/yr,25000,25000,25000,25000,25000,25000,25000,25000,25000,25000,25000,25000,25000,25000,25000,25000,25000,25000,25000,25000,25000,25000
trn_fret_road_lt_bev_pass,fret_road_lt_bev,l_truck_bev (LFP_ssb),annual travel per vehicle,vkt/veh/yr,25000,25000,25000,25000,25000,25000,25000,25000,25000,25000,25000,25000,25000,25000,25000,25000,25000,25000,25000,25000,25000,25000
trn_fret_road_lt_bev_pass,fret_road_lt_bev,l_truck_bev (NMC811_ssb),annual travel per vehicle,vkt/veh/yr,25000,25000,25000,25000,25000,25000,25000,25000,25000,25000,25000,25000,25000,25000,25000,25000,25000,25000,25000,25000,25000,25000
trn_pasg_cycle_pass,Cycle,Cycle,annual travel per vehicle,vkt/veh/yr,500,500,500,500,500,500,500,500,500,500,500,500,500,500,500,500,500,500,500,500,500,500
trn_pasg_aviation_dom_pass,Domestic Aviation,Liquids,annual travel per vehicle,vkt/veh/yr,1785000,1785000,1785000,1785000,1785000,1785000,1785000,1785000,1785000,1785000,1785000,1785000,1785000,1785000,1785000,1785000,1785000,1785000,1785000,1785000,1785000,1785000
trn_pasg_aviation_dom_pass,Domestic Aviation,BEV,annual travel per vehicle,vkt/veh/yr,1785000,1785000,1785000,1785000,1785000,1785000,1785000,1785000,1785000,1785000,1785000,1785000,1785000,1785000,1785000,1785000,1785000,1785000,1785000,1785000,1785000,1785000
trn_pasg_aviation_dom_pass,Domestic Aviation,Hydrogen,annual travel per vehicle,vkt/veh/yr,1785000,1785000,1785000,1785000,1785000,1785000,1785000,1785000,1785000,1785000,1785000,1785000,1785000,1785000,1785000,1785000,1785000,1785000,1785000,1785000,1785000,1785000
trn_pasg_hsr_pass,HSR,Electric,annual travel per vehicle,vkt/veh/yr,330000,330000,330000,330000,330000,330000,330000,330000,330000,330000,330000,330000,330000,330000,330000,330000,330000,330000,330000,330000,330000,330000
trn_pasg_rail_pass,Passenger Rail,Electric,annual travel per vehicle,vkt/veh/yr,221000,221000,221000,221000,221000,221000,221000,221000,221000,221000,221000,221000,221000,221000,221000,221000,221000,221000,221000,221000,221000,221000
trn_pasg_rail_pass,Passenger Rail,Liquids,annual travel per vehicle,vkt/veh/yr,221000,221000,221000,221000,221000,221000,221000,221000,221000,221000,221000,221000,221000,221000,221000,221000,221000,221000,221000,221000,221000,221000
trn_passenger,Walk,Walk,annual travel per vehicle,vkt/veh/yr,50,50,50,50,50,50,50,50,50,50,50,50,50,50,50,50,50,50,50,50,50,50
trn_pasg_road_ldv_2_3W_pass,2W and 3W,Liquids,annual travel per vehicle,vkt/veh/yr,3438,3438,3438,3438,3438,3438,3438,3438,3438,3438,3438,3438,3438,3438,3438,3438,3438,3438,3438,3438,3438,3438
trn_pasg_road_ldv_2_3W_pass,2W and 3W,NG,annual travel per vehicle,vkt/veh/yr,3438,3438,3438,3438,3438,3438,3438,3438,3438,3438,3438,3438,3438,3438,3438,3438,3438,3438,3438,3438,3438,3438
trn_pasg_road_ldv_2_3W_pass,2W and 3W,BEV,annual travel per vehicle,vkt/veh/yr,3438,3438,3438,3438,3438,3438,3438,3438,3438,3438,3438,3438,3438,3438,3438,3438,3438,3438,3438,3438,3438,3438
trn_pasg_road_ldv_2_3W_pass,2W and 3W,LA-BEV,annual travel per vehicle,vkt/veh/yr,3438,3438,3438,3438,3438,3438,3438,3438,3438,3438,3438,3438,3438,3438,3438,3438,3438,3438,3438,3438,3438,3438
trn_pasg_road_bus_pass,Bus,Liquids,annual travel per vehicle,vkt/veh/yr,45904,45904,45904,45904,45904,45904,45904,45904,45904,45904,45904,45904,45904,45904,45904,45904,45904,45904,45904,45904,45904,45904
trn_pasg_road_bus_pass,Bus,NG,annual travel per vehicle,vkt/veh/yr,45904,45904,45904,45904,45904,45904,45904,45904,45904,45904,45904,45904,45904,45904,45904,45904,45904,45904,45904,45904,45904,45904
trn_pasg_road_bus_pass,Bus,FCEV,annual travel per vehicle,vkt/veh/yr,45904,45904,45904,45904,45904,45904,45904,45904,45904,45904,45904,45904,45904,45904,45904,45904,45904,45904,45904,45904,45904,45904
trn_pasg_road_bus_pass,Bus,Hybrid Liquids,annual travel per vehicle,vkt/veh/yr,45904,45904,45904,45904,45904,45904,45904,45904,45904,45904,45904,45904,45904,45904,45904,45904,45904,45904,45904,45904,45904,45904
trn_bus_bev_pass,bus_bev,bus_bev (NMC111),annual travel per vehicle,vkt/veh/yr,45904,45904,45904,45904,45904,45904,45904,45904,45904,45904,45904,45904,45904,45904,45904,45904,45904,45904,45904,45904,45904,45904
trn_bus_bev_pass,bus_bev,bus_bev (LFP),annual travel per vehicle,vkt/veh/yr,45904,45904,45904,45904,45904,45904,45904,45904,45904,45904,45904,45904,45904,45904,45904,45904,45904,45904,45904,45904,45904,45904
trn_bus_bev_pass,bus_bev,bus_bev (Na_ion),annual travel per vehicle,vkt/veh/yr,45904,45904,45904,45904,45904,45904,45904,45904,45904,45904,45904,45904,45904,45904,45904,45904,45904,45904,45904,45904,45904,45904
trn_bus_bev_pass,bus_bev,bus_bev (LFP_si),annual travel per vehicle,vkt/veh/yr,45904,45904,45904,45904,45904,45904,45904,45904,45904,45904,45904,45904,45904,45904,45904,45904,45904,45904,45904,45904,45904,45904
trn_bus_bev_pass,bus_bev,bus_bev (NMC811_si),annual travel per vehicle,vkt/veh/yr,45904,45904,45904,45904,45904,45904,45904,45904,45904,45904,45904,45904,45904,45904,45904,45904,45904,45904,45904,45904,45904,45904
trn_bus_bev_pass,bus_bev,bus_bev (LFP_ssb),annual travel per vehicle,vkt/veh/yr,45904,45904,45904,45904,45904,45904,45904,45904,45904,45904,45904,45904,45904,45904,45904,45904,45904,45904,45904,45904,45904,45904
trn_bus_bev_pass,bus_bev,bus_bev (NMC811_ssb),annual travel per vehicle,vkt/veh/yr,45904,45904,45904,45904,45904,45904,45904,45904,45904,45904,45904,45904,45904,45904,45904,45904,45904,45904,45904,45904,45904,45904
trn_pasg_road_ldv_4w_pass,Mini Car,FCEV,annual travel per vehicle,vkt/veh/yr,19204,19204,19204,19204,19204,19204,19204,19204,19204,19204,19204,19204,19204,19204,19204,19204,19204,19204,19204,19204,19204,19204
trn_pasg_road_ldv_4w_pass,Mini Car,Hybrid Liquids,annual travel per vehicle,vkt/veh/yr,19204,19204,19204,19204,19204,19204,19204,19204,19204,19204,19204,19204,19204,19204,19204,19204,19204,19204,19204,19204,19204,19204
trn_pasg_road_ldv_4w_pass,Mini Car,Liquids,annual travel per vehicle,vkt/veh/yr,19204,19204,19204,19204,19204,19204,19204,19204,19204,19204,19204,19204,19204,19204,19204,19204,19204,19204,19204,19204,19204,19204
trn_pasg_road_ldv_4w_pass,Mini Car,NG,annual travel per vehicle,vkt/veh/yr,19204,19204,19204,19204,19204,19204,19204,19204,19204,19204,19204,19204,19204,19204,19204,19204,19204,19204,19204,19204,19204,19204
trn_pasg_road_ldv_4W_lc_bev_pass,minicar_bev,minicar_bev (NMC111),annual travel per vehicle,vkt/veh/yr,19204,19204,19204,19204,19204,19204,19204,19204,19204,19204,19204,19204,19204,19204,19204,19204,19204,19204,19204,19204,19204,19204
trn_pasg_road_ldv_4W_lc_bev_pass,minicar_bev,minicar_bev (NMC622),annual travel per vehicle,vkt/veh/yr,19204,19204,19204,19204,19204,19204,19204,19204,19204,19204,19204,19204,19204,19204,19204,19204,19204,19204,19204,19204,19204,19204
trn_pasg_road_ldv_4W_lc_bev_pass,minicar_bev,minicar_bev (NMC811),annual travel per vehicle,vkt/veh/yr,19204,19204,19204,19204,19204,19204,19204,19204,19204,19204,19204,19204,19204,19204,19204,19204,19204,19204,19204,19204,19204,19204
trn_pasg_road_ldv_4W_lc_bev_pass,minicar_bev,minicar_bev (NCA),annual travel per vehicle,vkt/veh/yr,19204,19204,19204,19204,19204,19204,19204,19204,19204,19204,19204,19204,19204,19204,19204,19204,19204,19204,19204,19204,19204,19204
trn_pasg_road_ldv_4W_lc_bev_pass,minicar_bev,minicar_bev (LFP),annual travel per vehicle,vkt/veh/yr,19204,19204,19204,19204,19204,19204,19204,19204,19204,19204,19204,19204,19204,19204,19204,19204,19204,19204,19204,19204,19204,19204
trn_pasg_road_ldv_4W_lc_bev_pass,minicar_bev,minicar_bev (Na_ion),annual travel per vehicle,vkt/veh/yr,19204,19204,19204,19204,19204,19204,19204,19204,19204,19204,19204,19204,19204,19204,19204,19204,19204,19204,19204,19204,19204,19204
trn_pasg_road_ldv_4W_lc_bev_pass,minicar_bev,minicar_bev (LFP_si),annual travel per vehicle,vkt/veh/yr,19204,19204,19204,19204,19204,19204,19204,19204,19204,19204,19204,19204,19204,19204,19204,19204,19204,19204,19204,19204,19204,19204
trn_pasg_road_ldv_4W_lc_bev_pass,minicar_bev,minicar_bev (NMC811_si),annual travel per vehicle,vkt/veh/yr,19204,19204,19204,19204,19204,19204,19204,19204,19204,19204,19204,19204,19204,19204,19204,19204,19204,19204,19204,19204,19204,19204
trn_pasg_road_ldv_4W_lc_bev_pass,minicar_bev,minicar_bev (LFP_ssb),annual travel per vehicle,vkt/veh/yr,19204,19204,19204,19204,19204,19204,19204,19204,19204,19204,19204,19204,19204,19204,19204,19204,19204,19204,19204,19204,19204,19204
trn_pasg_road_ldv_4W_lc_bev_pass,minicar_bev,minicar_bev (NMC811_ssb),annual travel per vehicle,vkt/veh/yr,19204,19204,19204,19204,19204,19204,19204,19204,19204,19204,19204,19204,19204,19204,19204,19204,19204,19204,19204,19204,19204,19204
trn_pasg_road_ldv_4w_pass,Car,FCEV,annual travel per vehicle,vkt/veh/yr,19204,19204,19204,19204,19204,19204,19204,19204,19204,19204,19204,19204,19204,19204,19204,19204,19204,19204,19204,19204,19204,19204
trn_pasg_road_ldv_4w_pass,Car,Hybrid Liquids,annual travel per vehicle,vkt/veh/yr,19204,19204,19204,19204,19204,19204,19204,19204,19204,19204,19204,19204,19204,19204,19204,19204,19204,19204,19204,19204,19204,19204
trn_pasg_road_ldv_4w_pass,Car,Liquids,annual travel per vehicle,vkt/veh/yr,19204,19204,19204,19204,19204,19204,19204,19204,19204,19204,19204,19204,19204,19204,19204,19204,19204,19204,19204,19204,19204,19204
trn_pasg_road_ldv_4w_pass,Car,NG,annual travel per vehicle,vkt/veh/yr,19204,19204,19204,19204,19204,19204,19204,19204,19204,19204,19204,19204,19204,19204,19204,19204,19204,19204,19204,19204,19204,19204
trn_pasg_road_ldv_4W_mc_bev_pass,car_bev,car_bev (NMC111),annual travel per vehicle,vkt/veh/yr,19204,19204,19204,19204,19204,19204,19204,19204,19204,19204,19204,19204,19204,19204,19204,19204,19204,19204,19204,19204,19204,19204
trn_pasg_road_ldv_4W_mc_bev_pass,car_bev,car_bev (NMC622),annual travel per vehicle,vkt/veh/yr,19204,19204,19204,19204,19204,19204,19204,19204,19204,19204,19204,19204,19204,19204,19204,19204,19204,19204,19204,19204,19204,19204
trn_pasg_road_ldv_4W_mc_bev_pass,car_bev,car_bev (NMC811),annual travel per vehicle,vkt/veh/yr,19204,19204,19204,19204,19204,19204,19204,19204,19204,19204,19204,19204,19204,19204,19204,19204,19204,19204,19204,19204,19204,19204
trn_pasg_road_ldv_4W_mc_bev_pass,car_bev,car_bev (NCA),annual travel per vehicle,vkt/veh/yr,19204,19204,19204,19204,19204,19204,19204,19204,19204,19204,19204,19204,19204,19204,19204,19204,19204,19204,19204,19204,19204,19204
trn_pasg_road_ldv_4W_mc_bev_pass,car_bev,car_bev (LFP),annual travel per vehicle,vkt/veh/yr,19204,19204,19204,19204,19204,19204,19204,19204,19204,19204,19204,19204,19204,19204,19204,19204,19204,19204,19204,19204,19204,19204
trn_pasg_road_ldv_4W_mc_bev_pass,car_bev,car_bev (Na_ion),annual travel per vehicle,vkt/veh/yr,19204,19204,19204,19204,19204,19204,19204,19204,19204,19204,19204,19204,19204,19204,19204,19204,19204,19204,19204,19204,19204,19204
trn_pasg_road_ldv_4W_mc_bev_pass,car_bev,car_bev (LFP_si),annual travel per vehicle,vkt/veh/yr,19204,19204,19204,19204,19204,19204,19204,19204,19204,19204,19204,19204,19204,19204,19204,19204,19204,19204,19204,19204,19204,19204
trn_pasg_road_ldv_4W_mc_bev_pass,car_bev,car_bev (NMC811_si),annual travel per vehicle,vkt/veh/yr,19204,19204,19204,19204,19204,19204,19204,19204,19204,19204,19204,19204,19204,19204,19204,19204,19204,19204,19204,19204,19204,19204
trn_pasg_road_ldv_4W_mc_bev_pass,car_bev,car_bev (LFP_ssb),annual travel per vehicle,vkt/veh/yr,19204,19204,19204,19204,19204,19204,19204,19204,19204,19204,19204,19204,19204,19204,19204,19204,19204,19204,19204,19204,19204,19204
trn_pasg_road_ldv_4W_mc_bev_pass,car_bev,car_bev (NMC811_ssb),annual travel per vehicle,vkt/veh/yr,19204,19204,19204,19204,19204,19204,19204,19204,19204,19204,19204,19204,19204,19204,19204,19204,19204,19204,19204,19204,19204,19204
trn_pasg_road_ldv_4w_pass,Large Car and Truck,FCEV,annual travel per vehicle,vkt/veh/yr,16587,16587,16587,16587,16587,16587,16587,16587,16587,16587,16587,16587,16587,16587,16587,16587,16587,16587,16587,16587,16587,16587
trn_pasg_road_ldv_4w_pass,Large Car and Truck,Hybrid Liquids,annual travel per vehicle,vkt/veh/yr,16587,16587,16587,16587,16587,16587,16587,16587,16587,16587,16587,16587,16587,16587,16587,16587,16587,16587,16587,16587,16587,16587
trn_pasg_road_ldv_4w_pass,Large Car and Truck,Liquids,annual travel per vehicle,vkt/veh/yr,16587,16587,16587,16587,16587,16587,16587,16587,16587,16587,16587,16587,16587,16587,16587,16587,16587,16587,16587,16587,16587,16587
trn_pasg_road_ldv_4w_pass,Large Car and Truck,NG,annual travel per vehicle,vkt/veh/yr,16587,16587,16587,16587,16587,16587,16587,16587,16587,16587,16587,16587,16587,16587,16587,16587,16587,16587,16587,16587,16587,16587
trn_pasg_road_ldv_4W_hc_bev_pass,largecar_bev,largecar_bev (NMC111),annual travel per vehicle,vkt/veh/yr,16587,16587,16587,16587,16587,16587,16587,16587,16587,16587,16587,16587,16587,16587,16587,16587,16587,16587,16587,16587,16587,16587
trn_pasg_road_ldv_4W_hc_bev_pass,largecar_bev,largecar_bev (NMC622),annual travel per vehicle,vkt/veh/yr,16587,16587,16587,16587,16587,16587,16587,16587,16587,16587,16587,16587,16587,16587,16587,16587,16587,16587,16587,16587,16587,16587
trn_pasg_road_ldv_4W_hc_bev_pass,largecar_bev,largecar_bev (NMC811),annual travel per vehicle,vkt/veh/yr,16587,16587,16587,16587,16587,16587,16587,16587,16587,16587,16587,16587,16587,16587,16587,16587,16587,16587,16587,16587,16587,16587
trn_pasg_road_ldv_4W_hc_bev_pass,largecar_bev,largecar_bev (NCA),annual travel per vehicle,vkt/veh/yr,16587,16587,16587,16587,16587,16587,16587,16587,16587,16587,16587,16587,16587,16587,16587,16587,16587,16587,16587,16587,16587,16587
trn_pasg_road_ldv_4W_hc_bev_pass,largecar_bev,largecar_bev (LFP),annual travel per vehicle,vkt/veh/yr,16587,16587,16587,16587,16587,16587,16587,16587,16587,16587,16587,16587,16587,16587,16587,16587,16587,16587,16587,16587,16587,16587
trn_pasg_road_ldv_4W_hc_bev_pass,largecar_bev,largecar_bev (Na_ion),annual travel per vehicle,vkt/veh/yr,16587,16587,16587,16587,16587,16587,16587,16587,16587,16587,16587,16587,16587,16587,16587,16587,16587,16587,16587,16587,16587,16587
trn_pasg_road_ldv_4W_hc_bev_pass,largecar_bev,largecar_bev (LFP_si),annual travel per vehicle,vkt/veh/yr,16587,16587,16587,16587,16587,16587,16587,16587,16587,16587,16587,16587,16587,16587,16587,16587,16587,16587,16587,16587,16587,16587
trn_pasg_road_ldv_4W_hc_bev_pass,largecar_bev,largecar_bev (NMC811_si),annual travel per vehicle,vkt/veh/yr,16587,16587,16587,16587,16587,16587,16587,16587,16587,16587,16587,16587,16587,16587,16587,16587,16587,16587,16587,16587,16587,16587
trn_pasg_road_ldv_4W_hc_bev_pass,largecar_bev,largecar_bev (LFP_ssb),annual travel per vehicle,vkt/veh/yr,16587,16587,16587,16587,16587,16587,16587,16587,16587,16587,16587,16587,16587,16587,16587,16587,16587,16587,16587,16587,16587,16587
trn_pasg_road_ldv_4W_hc_bev_pass,largecar_bev,largecar_bev (NMC811_ssb),annual travel per vehicle,vkt/veh/yr,16587,16587,16587,16587,16587,16587,16587,16587,16587,16587,16587,16587,16587,16587,16587,16587,16587,16587,16587,16587,16587,16587
